Key,Value
nt_remember,741
sushi_bar,740
brunch,736
minute_wait,732
NUM_mins,722
restaurant_week,719
pork_shoulder,711
dining_room,710
service,708
really_nice,702
dish,700
stars,699
beer_selection,698
really_liked,696
breakfast_klub,692
great_atmosphere,687
delicious,686
long_line,681
nt_care,680
fried_alligator,679
deep,678
eggs_benedict,677
south_end,668
try,667
definitely_recommend,664
friend,655
only_complaint,650
good_service,647
huge_fan,647
friends,647
highly_recommended,647
NUM_different,647
patatas_bravas,645
times,640
big_fan,639
review,632
bbq,631
beef_sandwich,631
great_experience,628
short_rib,626
perfectly_cooked,626
years_ago,621
absolutely_delicious,612
bacon_wrapped,611
reviews,611
little,607
dipping_sauce,606
cheese_fries,605
wait,605
customer_service,598
looking_forward,595
several_times,594
nt_order,593
good_thing,593
bar_area,590
nt_make,587
only,584
wrapped_dates,581
pan_pizza,575
sashimi_lunch,574
only_NUM,573
very_attentive,569
chicken,567
delicious_food,565
tapas,563
wait_time,562
cole_slaw,562
breakfast,560
garlic_bread,559
ve_eaten,558
garlic_mayo,555
damn_good,554
super_friendly,551
red_beans,549
awesome,549
hour_wait,542
nt_feel,538
miso_soup,536
top_notch,533
because,533
stuffed_dates,529
great_time,526
really_great,522
every_single,521
very_fresh,520
many_times,520
NUM_hour,518
something_else,514
quite_good,514
live_music,513
blue_cheese,512
experience,509
chicago_dog,507
nt_bad,506
olive_oil,501
NUM_NUM,496
pomme_frites,495
ordered_NUM,494
nt_taste,489
many_people,485
large_group,484
really_wanted,483
everyone_else,480
peanut_butter,479
chicago_deep,478
NUM_bucks,476
bloody_mary,476
nt_believe,475
love_love,473
eat,472
ll_definitely,472
very_reasonable,471
belgian_fries,470
amazing_food,470
baked_beans,468
cooked_perfectly,467
totally_worth,467
nt_expect,464
back,464
buddha_bowl,463
anything_else,463
mashed_potatoes,460
make_reservations,459
good_things,459
beef_brisket,458
chorizo_stuffed,457
sweet_mango,456
friendly_staff,452
very_small,450
city,449
baby_back,448
little_tokyo,447
very_very,445
years,444
very_busy,440
pretty,440
french,440
pleasantly_surprised,440
try_something,439
ve_only,439
always,435
long,433
minutes_before,432
street_parking,431
onion_rings,430
fast_food,429
every_bite,428
ve_heard,426
places,426
bread_pudding,426
bone_marrow,425
cake_shake,423
parking_lot,423
stars_because,421
jam_cafe,417
good_time,413
made_reservations,412
spot,412
since,409
italian_food,405
high_quality,404
los_angeles,404
favorite_restaurant,399
noise_level,397
before,397
menu_items,395
louis_ribs,395
another_NUM,394
grilled_corn,390
excellent,390
red_wine,389
people,386
comfort_food,385
taste_buds,381
bar,380
day,380
deep_fried,380
truffle_oil,379
wait_NUM,378
loved,378
NUM_reviews,378
friendly_service,378
hot,377
nt_try,377
different_sauces,377
sashimi_deluxe,375
very_loud,374
nt_love,374
river_north,374
short_ribs,374
foie_gras,372
italian,372
pork_sandwich,372
restaurants,370
smoque,368
saturday,368
very_flavorful,368
john_besh,368
nt_find,367
tasting_menu,366
beer_list,366
parmesan_peppercorn,364
going,363
nt_quite,363
spicy_tuna,362
favorite_dish,361
really_really,361
only_downside,360
great_meal,359
week,358
outdoor_seating,357
steak_frites,357
small_plate,356
write_home,356
smoked_bacon,356
chutney_mayo,356
big_deal,356
visit,355
bit_pricey,355
vanilla_bean,353
atmosphere,353
wine_selection,353
curry_ketchup,352
caramelized_crust,352
many,351
long_lines,350
pretty_tasty,350
style_pizza,349
nt_forget,349
vietnamese_pineapple,346
NUM_pieces,346
tapas_style,346
poached_eggs,346
duck_confit,345
sunday_night,345
chicago_pizza,345
friend_ordered,344
sausage_jambalaya,343
meal,343
quartino,342
very_helpful,342
top_NUM,342
burger,341
back_ribs,341
nt_finish,340
dining_area,339
ago,339
sliced_brisket,339
truffle_fries,338
yelp_reviews,338
butter_crust,337
big_group,335
very_happy,335
french_quarter,334
nice_touch,334
pork_cheeks,334
seated_immediately,333
nt_very,332
nt_stop,331
orleans,330
fried,329
sunday_brunch,329
weeks_ago,328
medjool_dates,327
trip,327
nt_understand,325
fantastic,325
roasted_garlic,324
tuesday_night,323
town,323
wings,320
tried,319
family_style,319
every_day,319
fried_egg,318
crisp_bbq,318
rosemary_garlic,317
people_watching,317
great_flavor,316
frites,315
finally,314
favorite_restaurants,314
grilled_cheese,314
fan,313
nt_bother,313
brisket_sandwich,312
excellent_service,312
visiting_chicago,311
laid_back,310
portion_size,310
gluten_free,309
thursday_night,309
nice,308
great_things,308
many_different,307
people_waiting,307
NUM_days,306
absolutely_amazing,306
free_parking,305
tapas_restaurant,304
definitely,303
piping_hot,303
super_nice,303
very_crowded,303
high_expectations,302
beet_salad,302
NUM_dishes,302
cheese_plate,301
menu,301
little_pricey,301
la,300
potato_salad,300
ll_probably,299
hot_peppers,299
fried_pickles,298
anywhere_else,297
really_tasty,297
line_outside,296
la_plancha,296
NUM_small,296
seafood_gumbo,296
sassy_sauce,296
excellent_food,295
veggie_burger,295
sunday,294
maple_syrup,294
garlic_shrimp,294
perfect_amount,294
ve_always,293
chocolate_chip,292
reasonable_prices,290
chicago_classic,290
burger_bar,289
group,289
worth_every,289
great_spot,289
diner,288
date_night,287
yelp,286
hot_sauce,285
during_lunch,284
medium_rare,284
line,284
birthday,284
birthday_dinner,283
favorite_places,283
onion_soup,282
someone_else,282
shrimp_creole,281
during,280
great_deal,280
corn_bread,280
fun_atmosphere,280
nt_miss,279
brussel_sprouts,278
waited_NUM,278
wanted,277
NUM_dollars,276
absolutely_love,276
reasonable_price,276
great_reviews,275
NUM_months,275
good_experience,275
absolutely,274
bad_thing,274
food_network,272
smoked_salmon,272
french_fry,271
always_packed,271
somewhere_else,270
good_bbq,270
wow,269
portion_sizes,269
cafe,268
scrambled_eggs,266
very_cool,266
monday_night,266
every,266
crust_pizza,265
food_comes,264
communal_seating,264
ate,263
very_delicious,263
very_long,262
things,262
sushi_restaurant,262
everything,262
very_tender,261
any_time,261
different_types,261
pomegranate_teriyaki,260
jam_benedict,260
de_cabra,260
different_things,259
cheddar_cheese,259
NUM_sauces,259
NUM_wings,258
weekend,258
gage,258
really_friendly,258
la_carte,257
chicken_sandwich,257
every_dish,256
portillo,255
brussels_sprouts,255
braised_pork,255
avec,254
tapas_places,253
italian_tapas,253
goat,252
hour,252
east_village,252
good_amount,252
good_stuff,251
recommend_going,251
louisiana_cochon,251
ordered,251
mexican_food,251
above_average,251
live_jazz,251
veal_meatballs,250
something_different,250
friday,250
heard,248
hype,248
polenta_fries,248
bean_sauce,248
small_portions,248
chopped_brisket,248
gaslight,247
queso_de,247
corn_flakes,246
understand_why,246
chicago_hot,245
beef,245
quite_tasty,245
cut_fries,244
made,244
green_beans,244
nt_tried,243
sushi_places,243
bottom_line,242
jam,241
visiting,241
always_good,241
sashimi_plate,241
great_pizza,240
pretty_quickly,240
nt_live,240
hanger_steak,240
pretty_damn,239
really_enjoy,239
nt_recommend,239
sunday_morning,239
close_together,238
definitely_return,238
white_sangria,237
pesto_mayo,237
spanish_tapas,236
cheese_sauce,236
great_beer,236
super_fresh,235
dog,235
large_groups,235
really_ca,234
white_wine,234
squid_ink,234
worth,233
fresh_fish,232
scotch_egg,231
pretty_decent,231
rave_reviews,231
another,230
great_wine,230
great_selection,230
sooo_good,229
pretty_small,229
really_cool,229
favorite_part,228
sushi_chef,227
maybe_NUM,227
corned_beef,227
side_note,226
sit_outside,225
great_job,225
star_rating,224
toro,224
being_seated,223
lunch_time,222
looking,221
al_ajillo,221
call_ahead,220
spicy_potatoes,220
NUM_year,220
nt_anything,220
big,219
very_impressed,219
good_job,219
caramelized_onions,219
visit_chicago,219
italian_restaurant,219
communal_tables,218
beehive,218
sour_cream,218
nt_hear,217
wednesday_night,217
definitely_try,216
pretty_darn,216
good_flavor,216
chili_garlic,216
nt_beat,215
boston,215
always_order,215
taste_plate,214
cochon,214
pequod,214
months_ago,214
yum_yum,214
sashimi,213
braised_beef,213
blu,213
los_drowned,213
pork_chop,212
dmk,212
peanut_satay,212
red_sangria,212
disappointed,211
san_francisco,211
star,211
pommes,211
crisp,210
french_onion,210
sweet_shrimp,210
war_sauce,210
la_planxa,210
thing,209
yum,208
sushi_chefs,208
pasta_dishes,208
good_NUM,208
probably,208
pizza_places,207
pineapple_mayo,207
especially_since,207
reservation,206
sashimi_dinner,205
darn_good,205
many_things,205
nt_leave,204
make,204
saturday_morning,204
pretty_cool,203
real_deal,202
rpm,202
good_pizza,202
good_quality,202
side_dishes,202
couple,201
ll_try,201
bbq_joint,201
grilled_octopus,201
ca,200
burgers,200
different_dishes,200
dinner_menu,199
good_deal,199
caprese_salad,198
very_generous,198
great_restaurant,197
favorite_pizza,197
hands,197
worth_trying,197
nt_regret,196
special,196
very_unique,196
very_close,196
pork_ribs,195
star_because,195
sassy_wings,195
bison_burger,195
only_negative,195
drinks,195
nt_matter,195
perfectly_seasoned,195
stopped,195
small,195
absolutely_loved,195
good_meal,194
sauces,194
regular_size,194
iberico,194
smoque_bbq,194
lot,193
cream_cheese,193
waiting_outside,192
very_filling,192
does,192
happy,192
many_places,191
open_table,191
michigan_ave,191
live,191
fresh,191
blood_orange,191
special_occasion,191
turkey_burger,190
its,190
probably_wo,190
favorite_thing,190
once,190
good_beer,190
only_because,190
quality_food,190
whipped_cream,190
order_NUM,190
very_little,190
mama_depandi,190
gambas_al,189
korean_fried,189
lamb_burger,189
finally_made,188
lunch_menu,188
recommend_getting,188
nola,188
personal_favorite,188
awesome_food,188
decided,188
very_knowledgeable,188
bad_experience,188
coming,188
back_home,188
truffle_cream,187
being_able,187
enjoyed,187
only_problem,187
style,186
dive_bar,186
saturday_afternoon,186
black_truffle,186
style_hot,186
ham_hock,185
being,185
chili_cheese,185
find,185
nice_atmosphere,184
hollandaise_sauce,184
try_everything,184
any_day,184
sea_salt,183
tapas_restaurants,183
prix_fixe,183
wide_variety,183
brunch_menu,183
king_crab,183
ai_nt,182
many_good,182
wait_outside,182
good_selection,182
very_rich,182
dmk_burger,182
lunch_specials,182
really_delicious,182
always_busy,182
very_high,182
italian_sausage,182
night_before,182
recent_trip,182
brisket,181
food_coma,181
lou,181
truffle_mayo,181
good_sign,181
eye_french,181
garlic_aioli,181
pretty_busy,180
seating_area,180
baby_buddha,180
favorite_sushi,180
sushi_restaurants,180
really_love,180
bad,179
past,179
open_kitchen,179
wonderful,178
cookie_dough,178
steak_bowl,178
brisket_chili,178
korean_food,178
credit_card,178
overall_experience,178
wasabi_mayo,177
husband,177
paper_cone,177
mushroom_risotto,177
large_party,177
sundried_tomato,177
bi_bim,177
dates_wrapped,177
small_portion,176
hash_browns,176
NUM_tapas,176
NUM_burger,176
de_pollo,176
recent_visit,176
early_dinner,176
why,175
good_sushi,175
dinner_time,175
soooo_good,175
drink_menu,175
breakfast_food,174
wait_times,174
order,174
little_disappointed,174
visited,174
very_sweet,174
half_hour,174
good_idea,174
another_try,174
work,174
great_bbq,173
number_NUM,173
eating,173
creme_brulee,173
dark_chocolate,173
ll_find,173
cheese_curds,173
anything_special,172
poached_egg,172
side_dish,172
good_wine,172
area,172
quite,172
party,171
green_tea,171
pasta_dish,171
brisket_platter,171
NUM_orders,171
boyfriend,171
absolute_favorite,170
skirt_steak,170
save_room,170
extremely_friendly,170
NUM_plates,170
beef_sandwiches,170
NUM_cent,170
NUM_slices,170
downtown_chicago,170
bbq_beans,170
nt_already,170
vegetarian,170
everyone,170
recently,170
mahi_mahi,170
huge,169
bit,169
millennium_park,169
smoked_pork,169
min_wait,169
cajun_fried,168
very_disappointed,168
sauce,168
many_great,168
nt_disappoint,168
very_accommodating,168
great_value,168
vegan,168
dessert_menu,168
honey_mustard,167
year,167
diner_food,167
texas_sausage,167
cast_iron,167
dogs,167
communal_table,166
iron_chef,166
any,166
very_reasonably,166
walking_distance,166
gets_packed,166
good_value,166
duck_prosciutto,166
great_drinks,166
really_made,166
multiple_times,165
oyster_roast,165
stephanie_izard,165
chip_cookie,165
eaten,165
good_reviews,165
blue_jam,165
burger_joint,165
pork_shank,164
thoroughly_enjoyed,164
tasted_great,164
vanilla_ice,164
super,164
fine_dining,164
mexican_ketchup,164
dining,164
great_location,164
small_dishes,163
fun,163
nt_enjoy,163
sausage_pizza,163
thick_cut,163
food_quality,163
front_door,162
perfect,162
lobster_ravioli,162
waiting_area,162
during_restaurant,162
pretty_awesome,162
start,162
venison_burger,162
caramelized_cheese,162
red_sauce,162
today,162
tasted_good,161
luke,161
raw_oysters,161
always_great,161
pretty_big,161
house_made,161
red_snapper,160
really_busy,160
already,160
sunday_afternoon,160
very_popular,160
great_choice,160
roasted_chicken,160
found,159
several,159
thought,159
consistently_good,159
every_penny,158
fried_boudin,158
baconwrapped_dates,158
great_vibe,158
nt_usually,158
different_kinds,158
NUM_sashimi,158
smoked_eggplant,158
sweet_chili,157
fried_potatoes,157
solid_NUM,157
cute_little,157
entire_meal,157
having,157
buddha_bowls,157
black_bean,157
vegan_food,157
nt_going,156
quality,156
soy_sauce,156
NUM_large,156
florentine_benedict,156
mercadito,156
beef_hash,155
table,155
sushi_deluxe,155
early,155
yellow_tail,155
very_quickly,155
louis_style,154
nothing_else,154
recommended,154
little_loud,154
raw_fish,154
stop,154
excited,154
tasty,153
chorizostuffed_medjool,153
nt_great,153
lobster_caprese,153
morning,153
red_pepper,153
toast,153
orange_juice,152
gen,152
belly_pancake,152
looked_good,152
good_choice,152
NUM_tables,152
regular_menu,152
find_something,152
cream_sauce,152
very_interesting,151
french_food,150
very_light,150
very_large,150
star_review,150
another_shot,150
yummy,150
solid,149
chorizostuffed_dates,149
wood_fired,149
always_fresh,149
ve_found,149
ve_ordered,149
past_weekend,148
nt_stand,148
hot_chocolate,148
super_tasty,148
NUM_sides,148
really_fresh,147
high,147
nt_exactly,147
every_table,147
nt_decide,147
pretty_fast,147
chili_sauce,147
lincoln_park,147
parmesan_fries,147
bad_service,147
great_ambiance,146
nt_impressed,146
order_something,146
why_people,146
worth_checking,146
during_peak,146
taste_good,146
nothing_spectacular,146
favorite_tapas,146
little_dry,146
fish_tacos,145
every_night,145
price_point,145
brunch_spot,145
brown_rice,145
very_pleased,145
fatty_tuna,145
boyfriend_ordered,144
spanish_food,144
windy_city,144
truffled_garlic,144
another_table,144
spicy_sauce,144
quick_bite,144
goat_chili,144
cool,144
seafood_paella,143
family,143
crab_dip,143
extra_sauce,143
husband_ordered,143
bit_small,143
bim_bop,143
before_NUM,143
drink_order,143
coop,143
baked_goat,143
many_options,142
malnati_chicago,142
NUM_friends,142
heard_great,142
before_going,142
cajun_food,142
nt_realize,142
tasty_food,142
croquetas_de,142
wife,142
asado_con,142
sweet_peppers,141
fresh_fruit,141
really_impressed,141
stop_eating,141
marinara_sauce,141
love_fries,141
good_fries,140
mouth_watering,140
ten_minutes,140
lou_malnatis,140
crispy_french,140
actually_pretty,140
besh_restaurant,140
sprout_salad,140
small_side,139
onion_strings,139
spinach_salad,139
really_care,139
chopped_salad,139
cent_oysters,139
gets_crowded,139
smoked_duck,139
roasted_pork,138
cocktail_menu,138
nt_worry,138
nt_work,138
meat_eater,138
fried_oysters,138
loved_everything,138
parmesan_truffle,138
pretty_standard,138
NUM_cents,138
great_recommendations,138
buttery_crust,138
seated_promptly,138
eggplant_mayo,138
sashimi_platter,138
surprisingly_good,138
looked_amazing,138
patty_melt,137
art_institute,137
high_hopes,137
nt_good,137
st_louis,137
buffalo_wings,137
pretty_quick,136
very_pleasant,136
definitely_make,136
any_means,136
dish_pizzas,136
perfect_size,136
bit_dry,136
hot_spot,135
looked_great,135
months,135
joint,135
perfect_balance,135
chocolate_sauce,135
attentive_service,134
jazz_band,134
nothing_really,134
staff,134
favorite_dishes,134
its_worth,134
smoked_fries,134
always_crowded,134
bad_boy,134
really_loud,134
peak_hours,133
fresh_ingredients,133
sandwich,133
really_loved,133
very_affordable,133
simply_amazing,132
sashimi_combo,132
reservation_time,132
really_excited,132
NUM_blocks,132
pretty_crowded,132
nt_imagine,132
good_price,132
waiting_NUM,131
horseradish_potato,131
sweet_tea,131
price_tag,131
gets,131
very_excited,131
impressed,131
large_portion,131
crust,130
long_waits,130
super_delicious,130
seoul_steak,130
mind_blowing,130
pork,130
jamon_iberico,130
really_taste,130
wait_long,130
feel,130
green_peppers,129
huge_portions,129
because_its,129
top,129
half_chicken,129
bbq_places,129
french_bistro,129
fast_service,129
busy,129
different_flavors,129
good_burger,129
ll,128
irish_curry,128
grass_fed,128
high_end,128
ll_love,128
bar_steak,128
weeks,128
back_room,128
house_wine,128
burnt_cheese,128
sat_outside,128
pretty_packed,128
fellow_yelpers,128
serrano_ham,128
really_crowded,127
based,127
food_court,127
jambalaya_supreme,127
butternut_squash,127
wisconsin_cheddar,127
cheese,126
bit_loud,126
ll_make,126
shrimp_tacos,126
eat_meat,126
fresh_cut,126
chocolate_mousse,126
tourist_trap,126
everyone_raves,126
super_busy,126
location,126
fried_okra,125
carmelized_crust,125
boy_buddha,125
reservations,125
great_sushi,125
pretty_amazing,125
probably_because,125
pincho_de,125
another_restaurant,125
vinegar_based,124
pricey_side,124
week_menu,124
nt_waste,124
small_group,124
year_ago,124
evening,124
worth_going,124
really_small,124
con_alioli,124
before_heading,124
signature_dish,124
very_yummy,124
cool_atmosphere,124
exposed_brick,124
price,124
ve_tasted,123
times_before,123
fries_themselves,123
many_years,123
pretty_great,123
yellowtail_belly,123
girls_night,123
during_dinner,123
hot_doug,122
rabbit_jambalaya,122
heart_attack,122
packed,122
tuna_tartare,122
tad_bit,122
busy_night,121
waffles,121
food_arrived,121
quality_sushi,121
NUM_weeks,121
little_slow,120
style_ribs,120
great_price,120
order_anything,120
decent,120
gets_pretty,120
entire_party,120
something,120
bit_disappointed,120
deviled_eggs,120
date,120
NUM_degrees,120
NUM_drinks,119
piquillo_peppertomato,119
gets_NUM,119
grilled_shrimp,119
couple_times,119
italian_restaurants,119
north_side,119
NUM_oz,119
breakfast_spot,119
hour_before,119
super_good,118
duck_quesadilla,118
asparagus_risotto,118
queso_cotija,118
casual_atmosphere,118
pizza_joint,118
home_made,118
always_friendly,118
flat_bread,118
dining_companion,118
definitely_order,118
limited_seating,117
NUM_glasses,117
jazz_music,117
end,117
caesar_salad,117
life,117
french_bread,117
liked,117
NUM_seconds,117
lived,117
nice_little,117
because_everything,117
quick,117
find_parking,117
really_fun,116
fresh_sushi,116
nothing,116
perfectly_fried,116
nt_put,116
super_excited,116
top_chef,116
pretty_long,116
perfectly_crispy,116
good_portion,116
norwegian_benedict,116
lively_atmosphere,116
large_portions,115
steak_tartare,115
cheese_pizza,115
meat,115
business,115
very_clean,115
bbq_chicken,115
heard_good,115
really_long,115
cafe_babareeba,114
pleasant_surprise,114
sports_bar,114
sundried_tomatoes,114
house_salad,114
friends_ordered,114
iced_tea,114
worth_waiting,114
past_NUM,114
many_sauces,114
saturday_evening,114
different,114
actually_really,114
steak_hash,114
told,114
NUM_person,114
during_happy,114
good_restaurant,114
nt_always,114
fat_elvis,114
great_prices,114
very_casual,113
once_seated,113
bell_peppers,113
salmon_skin,113
positive_reviews,113
try_any,113
nt_worth,113
malnati,113
korean_bbq,113
sea_scallops,113
elvis_waffles,113
valet_parking,113
NUM_piece,113
super_yummy,113
recommend_trying,113
nt_complain,113
peppertomato_sauce,113
brunch_places,113
vegetarian_food,113
girl,112
trying,112
favorite_chicago,112
line_moves,112
nt_any,112
quality_ingredients,112
very_fast,112
definitely_going,112
tapas_bar,112
real_thing,112
quite_possibly,112
drink_orders,111
high_ceilings,111
favorite_breakfast,111
despite_being,111
powdered_sugar,111
kale_salad,111
rib_pappardelle,111
nt_recall,111
cheese_crust,111
french_NUM,111
atomic_sauce,111
sun_dried,111
nt_disappointed,111
little_small,110
korean,110
michigan_avenue,110
generous_portions,110
beef_short,110
ink_pasta,110
good_friend,110
NUM_because,110
large_plates,110
definitely_coming,110
check,110
vegetarian_options,110
nom_nom,110
good_size,110
NUM_hr,110
only_tried,110
friendly,110
any_kind,110
crab_claws,110
very_fun,110
nt_compare,110
taleggio_cheese,110
favorite_bbq,109
west_coast,109
melted_cheese,109
frite_sauce,109
great_brunch,109
toasted_bread,109
pickled_peppers,109
outdoor_patio,109
bbq_joints,109
bit_slow,109
saying,109
another_couple,109
really_looking,109
bad_day,109
taste,108
half,108
nt_expecting,108
white_bean,108
another_great,108
sooooo_good,108
ordered_another,108
red_onions,108
sea_urchin,108
high_school,108
love_everything,108
perfect_combination,108
fried_oyster,108
any_restaurant,108
recent,108
ve_made,108
usually_order,108
used,108
dimly_lit,108
sloppy_goat,108
bbq_wings,107
tomato_mayo,107
fried_shrimp,107
fake_meat,107
sushi_rice,107
great_variety,107
favorite_brunch,107
great_tapas,107
great_burger,107
birthday_party,107
outside,107
eggplant_parmesan,107
very_expensive,107
boudin_balls,107
entire_time,107
believe,107
large,107
simply,106
great_dining,106
times_since,106
try_different,106
several_different,106
full_bar,106
white_fish,106
au_jus,106
vanilla_french,106
loud_music,106
usually,106
time_favorite,106
dark_wood,106
pretty_loud,106
favorite_things,106
days,106
soo_good,106
fairly_quickly,105
bleu_cheese,105
generous_portion,105
really_does,105
thinly_sliced,105
green_chile,105
good_spot,105
great_date,105
lacked_flavor,105
shrimp_risotto,105
luke_burger,105
quite_nice,105
very_limited,104
little_bland,104
mediocre_food,104
very_trendy,104
recommend_coming,104
boucherie_plate,104
ordered_something,104
malnati_salad,104
back_because,104
super_cute,104
steak_fries,104
put_together,104
fish,104
south,103
lunch_hour,103
pine_nuts,103
chicago_dogs,103
vanilla_sauce,103
crab_meat,103
write,103
fresh_squeezed,103
seated,103
cochon_butcher,103
korean_style,103
great_fries,103
mercat,103
small_table,103
blackstone_hotel,103
extra_cheese,103
rpm_italian,103
NUM_oysters,103
its_good,103
nt_particularly,102
nt_seat,102
good_breakfast,102
favorite_deep,102
nice_dinner,102
great_lunch,102
ba_ba,102
nt_bring,102
everything_tasted,102
finally_decided,102
ordered_several,102
dozen_oysters,102
great_quality,102
gets_really,102
cheese_fondue,102
ve_experienced,102
local,102
poor_service,102
black_beans,102
decent_food,102
classic_chicago,102
al_dente,101
holy,101
really_stood,101
nice_selection,101
mayo_sauce,101
numerous_times,101
teriyaki_mayo,101
very_different,101
brussel_sprout,101
poppy_seed,101
people_watch,101
braised_short,100
gets_very,100
chocolate_shake,100
hangar_steak,100
omg,100
NUM_tacos,100
promptly_seated,100
klub,100
spicy_king,100
NUM_miles,100
maybe_because,100
only_good,100
fried_food,100
great_staff,100
red_meat,100
salsa_verde,100
town_guests,100
time_because,100
dry_rub,100
dining_companions,100
very_satisfied,100
only_gripe,100
sashimi_special,100
rabbit_livers,100
good_atmosphere,100
pizza_hut,100
NUM_reservation,99
another_chance,99
beef_tenderloin,99
deepdish_pizza,99
english_muffin,99
definitely_check,99
great_little,99
west_loop,99
sassy_chicken,99
very_cute,99
crispy_fries,99
entire_life,99
wonderful_experience,99
hearing,99
fun_night,99
jose_garces,99
very_authentic,99
craft_beer,98
overrated,98
pretty_close,98
amazing_service,98
large_plate,98
really_bad,98
paper_bag,98
plain_jane,98
walked,98
cooked_salmon,98
NUM_day,98
quite_delicious,98
finally_seated,98
time_trying,98
chicagostyle_pizza,98
small_space,98
sweet,98
seated_quickly,98
dates_stuffed,98
sweet_potatoes,98
water_glasses,98
side,98
downtown,98
single_thing,98
pork_cheek,98
only_waited,98
including_tip,98
several_years,98
NUM_dollar,98
good_tapas,98
only_drawback,97
good_luck,97
french_press,97
fried_olives,97
friday_evening,97
waiting,97
half_price,97
nt_actually,97
pretty_bad,97
rating,97
anything,97
small_order,97
fired_oysters,97
pork_chops,97
loved_every,97
baby_backs,97
wine,97
quick_service,96
oysters,96
side_salad,96
nt_overly,96
short_wait,96
unlike_any,96
truffle_garlic,96
only_real,96
ambiance,96
wrong,96
style_deep,96
bloody_marys,96
giving,96
actually,96
really_hungry,96
afternoon,96
half_order,96
expectations,96
nt_offer,96
nt_serve,96
bachelorette_party,96
real,96
very_quick,96
crawfish_bisque,96
being_served,96
night_snack,96
vanilla_latte,96
grilled_onions,96
maiz_asado,96
egg_whites,96
nt_able,96
ve_lived,96
special_sauce,95
chicago_area,95
NUM_things,95
pepper_fries,95
pan_con,95
fixe_menu,95
chutney_sauce,95
list,95
regular_fries,95
red_onion,95
great_people,95
ribs,95
reading,95
head_cheese,95
millenium_park,95
another_friend,95
many_choices,94
gage_burger,94
sweet_sauce,94
ordered_drinks,94
completely_different,94
very_strong,94
tiny_bit,94
nt_necessarily,94
always_make,94
slightly_sweet,94
wild_mushroom,94
mind_waiting,94
many_dishes,94
holy_crap,94
good_prices,94
great_burgers,94
huge_portion,94
brioche_french,94
street,94
mostly_because,94
east_coast,94
smoked_beef,94
cheese_grits,94
very_big,94
extremely_loud,94
weekend_night,94
world,93
minutes,93
cocktail_list,93
great_dinner,93
chocolate_beignets,93
nt_hurt,93
quality_fish,93
con_tomate,93
different_items,93
free_refills,93
mixed_drinks,93
NUM_items,93
gets_busy,92
seemed_very,92
many_reviews,92
menu_options,92
nt_speak,92
good_drinks,92
little_spicy,92
gulf_fish,92
many_restaurants,92
lunch_rush,92
nt_sit,92
tasted_pretty,92
nt_resist,92
makes,92
weekend_brunch,92
anyone_looking,92
great_breakfast,92
fried_mushrooms,92
great_idea,92
long_day,92
single_time,92
bit_high,92
breakfast_items,92
eat_anything,92
free_samples,92
NUM_courses,92
felt_bad,92
mushroom_salad,92
actually_quite,91
recommendation,91
great_texture,91
music_playing,91
seriously,91
kind,91
since_NUM,91
opened,91
table_ordered,91
love_coming,91
cheddar_fries,91
molten_chocolate,91
chef,91
croque_madame,91
yummy_food,90
fried_steak,90
spicy_kick,90
pretty_full,90
delicious_meal,90
enjoy,90
good_variety,90
very_simple,90
mint_julep,90
breakfast_quesadilla,90
authentic,90
tortilla_espanola,90
hotel,90
pretty_nice,90
bean_burger,90
people_love,90
small_size,89
time_eating,89
sushi_joint,89
takes_NUM,89
only_eat,89
bay_area,89
super_crowded,89
regular_basis,89
beef_meatballs,89
sea_bass,89
pizza_joints,89
fantastic_food,89
bucatini_pomodoro,89
crowded,89
lamb_chops,89
everyone_says,89
every_bit,89
mozzarella_sticks,89
very_nicely,89
really_yummy,89
nt_skimp,89
NUM_dozen,89
prime_beef,89
blueberry_bbq,89
spanish_mackerel,89
order_food,89
crab_bisque,89
nt_blow,88
left_feeling,88
baby_octopus,88
fig_salad,88
really_disappointed,88
fish_tostadas,88
crispy_crust,88
dishes,88
really_makes,88
absolutely_fantastic,88
little_salty,88
yelp_review,88
overall_great,88
love_tapas,88
chocolate_croquettes,88
because_everyone,88
actually_very,88
good_company,88
overly_sweet,88
nt_eaten,88
pepperoni_pizza,88
NUM_course,88
personal_preference,88
full_menu,88
really_worth,88
bit_salty,88
french_restaurant,87
mardi_gras,87
NUM_price,87
waited,87
nothing_short,87
overall,87
NUM_inches,87
NUM_types,87
belgian,87
day_before,87
door,87
comes,87
smokey_flavor,87
called_ahead,87
great_tasting,87
half_slab,87
empty_tables,87
word,87
nt_call,86
selection,86
great_because,86
bit_disappointing,86
extremely_fresh,86
only_bad,86
nice_restaurant,86
carne_tacos,86
menu_item,86
eat_breakfast,86
anyone_else,86
only_issue,86
being_very,86
jam_packed,86
nt_hold,86
seed_bun,86
mayo_based,86
people_sitting,86
fair_share,86
only_ordered,86
big_groups,86
maybe,86
NUM_girls,86
feel_rushed,86
always_seems,86
walking,86
pizzeria_uno,85
side_order,85
larger_group,85
dining_experiences,85
man,85
something_special,85
jazz_brunch,85
roasted_bone,85
NUM_hrs,85
girlfriend,85
crispy_skin,85
slow_service,85
any_case,85
honda_plaza,85
special_occasions,85
kansas_city,85
vegetarian_restaurant,85
blue_crab,85
crazy_busy,85
read,85
NUM_feet,85
large_parties,85
good_ol,85
favorite_spots,84
wanting,84
another_review,84
really_hit,84
great_menu,84
shrimp_cocktail,84
ba_reeba,84
grilled_chicken,84
couple_weeks,84
nice_guy,84
looked_pretty,84
broccoli_rabe,84
very_comfortable,84
southern_hospitality,84
different_dipping,84
little_kick,84
conveniently_located,84
getting,84
order_any,84
head_back,84
favorite_meal,84
hours,84
NUM_seats,84
days_ago,84
lunch_spot,84
price_range,84
wanted_something,84
bacon_sandwich,84
tasted_very,84
damn,84
another_time,84
else,84
very_disappointing,84
super_fast,83
houston,83
sushi_joints,83
ridiculously_good,83
order_everything,83
roasted_peppers,83
bus_boy,83
pretty_delicious,83
arrived,83
mixed_greens,83
tortilla_chips,83
good_music,83
grilled_salmon,83
very_bland,83
deal,83
nearly_NUM,83
cheese_sandwich,82
probably_NUM,82
pepper_sauce,82
words,82
love_french,82
always_nice,82
very_professional,82
ll_admit,82
many_many,82
freshly_made,82
goat_burger,82
goose_island,82
open_tables,82
beef_heart,82
nt_cheap,82
tried_NUM,82
good_deep,82
radical_reuben,82
NUM_pounds,82
monkfish_liver,82
sunday_evening,82
strongly_recommend,82
soft_shell,82
bar_because,82
finally_tried,82
very_average,82
bf_ordered,82
stuffed_peppers,82
diet_coke,82
real_chicago,82
craft_beers,82
felt_rushed,82
full,81
crispy_pork,81
filet_mignon,81
only_ate,81
veggie_burgers,81
woodfired_oyster,81
bad_meal,81
fabulous,81
pretty_high,81
tempura_mashed,81
night_dinner,81
chicken_tenders,81
always_wanted,81
nt_comment,81
nt_drink,81
ken_oringer,81
craving,81
very_creative,81
italian_salad,81
nice_change,80
saving_grace,80
good_italian,80
visited_chicago,80
chicken_breast,80
good_friends,80
pretty_expensive,80
makes_sense,80
cool_vibe,80
red_potatoes,80
day_weekend,80
very_thin,80
chicken_livers,80
tasted_fresh,80
good_because,80
looked_really,80
surprised,80
open,80
moved,80
everyone_seemed,80
drink_selection,80
making_reservations,80
personal_pizza,80
doing_something,80
sweet_tooth,80
sitting_outside,80
fresh_sashimi,80
short,80
large_order,80
every_NUM,80
its_really,80
business_trip,80
big_easy,80
perfect_blend,80
dinner_before,80
peak_times,80
wonderful_service,80
insanely_good,80
felt_very,80
biggest_fan,80
white_rice,79
decor,79
honestly,79
stop_thinking,79
sushi_spot,79
private_room,79
sangria,79
cheese_dog,79
bus_boys,79
loud,79
manchego_cheese,79
blueberry_pancakes,79
outside_seating,79
japanese_restaurant,79
watermelon_pickle,79
de_lait,79
fresh_berries,79
cocktail_sauce,79
dates,79
monday,79
black_pepper,79
very_enjoyable,79
super_cool,79
wife_ordered,78
veal_meatball,78
getting_seated,78
fantastic_service,78
great_music,78
week_night,78
phone_number,78
really_only,78
many_tables,78
food_being,78
enjoyed_every,78
fresh_basil,78
half_full,78
food_makes,78
nt_found,78
very_moist,78
croque_monsieur,78
NUM_lunch,78
lunch_today,78
awesome_service,78
big_portions,78
arugula_salad,78
picky_eater,78
only_imagine,78
good_eats,78
any_good,78
friend_recommended,78
music,78
dozen_times,78
usually_pretty,78
tuna_roll,78
arrived_NUM,78
glad,77
eggplant_parm,77
wine_sangria,77
highly,77
cochon_de,77
great_table,77
nyc,77
lemon_juice,77
great_chicago,77
fed_beef,77
very_crispy,77
tomato_soup,77
paper_cones,77
smaller_portions,77
de_solomillo,77
looked_delicious,77
unique,77
every_week,77
frozen_custard,77
waiting_list,77
raw_onions,77
soul_food,77
nice_flavor,77
good_looking,77
wait_another,76
staff_members,76
great_suggestions,76
time_since,76
home,76
pineapple_upside,76
hit,76
sat,76
tried_several,76
garlic_butter,76
root_beer,76
red_fish,76
really_sweet,76
date_spot,76
brussels_sprout,76
black_olives,76
roast_beef,76
worst_part,76
frites_sauce,76
very_refreshing,76
south_loop,76
popular,76
month,76
good_mix,76
little_sweet,76
highly_suggest,76
pretty_empty,76
enjoyed_everything,76
expecting_something,76
nt_pass,76
very_efficient,76
tomato_bread,76
ve_already,76
full_meal,76
chance,76
food_experience,76
holy_cow,76
pinot_noir,75
great_night,75
very_salty,75
NUM_entrees,75
outstanding,75
japanese_food,75
los,75
vegan_cheese,75
communal_dining,75
margherita_pizza,75
milk_shake,75
NUM_slab,75
great_option,75
smoky_flavor,75
busy_saturday,75
thick_crust,75
paper_towels,75
understand,75
beef_tongue,75
butter_shake,75
huge_line,75
very_noisy,74
order_another,74
crazy_good,74
spots,74
spinach_bread,74
little_different,74
huge_selection,74
NUM_including,74
decent_amount,74
moves_fast,74
beef_carpaccio,74
grocery_store,74
draft_beer,74
nice_ambiance,74
several_people,74
super_sweet,74
pepper_jelly,74
definitely_good,74
extensive_menu,74
bit_expensive,74
dinner_rush,74
nt_normally,74
having_dinner,74
total_bill,74
perfect_spot,74
NUM_inch,74
tuesday,74
incredibly_friendly,74
chipotle_ketchup,74
always_very,74
tiny_little,74
ordering_NUM,74
decently_priced,74
tapas_dishes,74
fresh_herbs,73
found_ourselves,73
jamon_serrano,73
cafeteria_style,73
perfectly_crisp,73
poutine,73
house_red,73
recommend_ordering,73
jambalaya,73
bread_crumbs,73
food_items,73
spanish_omelette,73
cured_meats,73
great_deep,73
small_pieces,73
neighborhood,73
menu_changes,73
sprouts_salad,73
suckling_pig,73
aged_cheddar,73
friend_chicken,73
chai_latte,72
single_dish,72
little_disappointing,72
nt_crazy,72
ve_read,72
slow_cooked,72
heart,72
brick_walls,72
personal_pan,72
early_because,72
grassfed_beef,72
always_love,72
tried_everything,72
great_taste,72
north,72
pretty_large,72
spicy_mayo,72
top_quality,72
ve_visited,72
breakfast_menu,72
tried_many,72
table_because,72
chicken_teriyaki,72
serving_size,72
really_cute,72
very_similar,72
great_start,72
deserves_NUM,72
parathas_burrito,72
time_before,72
nt_judge,72
fifteen_minutes,72
dim_lighting,72
water_glass,72
really_fast,72
maxwell_street,72
totally,72
portillos,72
very_full,72
recommend,72
seated_upstairs,72
ll_wait,72
always_try,72
really_appreciate,72
chicken_strips,72
home_fries,72
amazingly_delicious,72
little_expensive,72
really_amazing,71
chicken_fried,71
caramel_sauce,71
style_seating,71
nt_walk,71
daily_specials,71
fried_calamari,71
left,71
extra_star,71
meat_free,71
chicago_restaurant,71
japanese_sushi,71
incredible,71
green_pepper,71
mainly_because,71
tomato_salad,71
cute,71
drink_list,71
NUM_bites,70
time_having,70
bit_overpriced,70
half_shell,70
hate,70
very_creamy,70
sausage,70
table_service,70
great_restaurants,70
suggest_going,70
feel_welcome,70
long_story,70
pretty_bland,70
pickled_watermelon,70
parking_spot,70
times_during,70
fried_catfish,70
needed_anything,70
carrot_cake,70
delicious_fries,70
finished_eating,70
chocolate_budino,70
seoul,70
entire_menu,70
great_thing,70
good_vibe,70
spicy_bbq,70
feel_bad,70
traditional_japanese,70
tomato_basil,70
recommend_making,70
ve_enjoyed,70
nt_plan,70
pickled_veggies,70
dining_partner,70
bad_night,70
very_kind,70
gave_great,70
before_being,70
entire_thing,70
very_modern,70
great_cocktails,70
rice_pudding,69
belgium_fries,69
salted_caramel,69
fried_pickle,69
simply_because,69
seafood_salad,69
spicy_tomato,69
roasted_potatoes,69
nt_super,69
bonus_points,69
thursday,69
authentic_japanese,69
double_fried,69
goat_bread,69
steak_tacos,69
overall_good,69
black_forest,69
sampler_platter,69
special_menu,69
besh,69
bar_tender,69
free_menu,69
everything_looked,69
only_order,69
needed_something,69
prices,69
garlic_sauce,69
wine_menu,69
crawfish_pie,69
serve_breakfast,69
very_welcoming,68
tapas_menu,68
cheese_bread,68
always_makes,68
left_something,68
super_crispy,68
table_outside,68
curry_sauce,68
sampler_plate,68
lima_beans,68
tuna_tartar,68
bit_crowded,68
every_once,68
food_NUM,68
little_high,68
pizza_crust,68
extra_NUM,68
before_ordering,68
return_visit,68
years_back,68
lived_closer,68
angeles,68
very_easy,68
eat_pizza,68
pork_loin,68
great_italian,68
timely_manner,68
huevos_rancheros,68
james_beard,68
small_restaurant,68
NUM_chicken,68
food_alone,68
left_full,68
carne_asada,68
small_tables,68
solid_food,68
breakfast_burrito,68
south_side,68
love_sushi,68
mango_sauce,68
past_saturday,68
country_fried,68
friday_afternoon,68
bbq_sauces,68
bbq_pork,67
ground_beef,67
met,67
burger_places,67
high_prices,67
pan,67
put,67
ny_style,67
favorite_burger,67
eat_NUM,67
love_bbq,67
super_long,67
datiles_con,67
plan_ahead,67
good_sized,67
waiter_brought,67
favorite_item,67
good_hot,67
ll_leave,67
heaven,67
room_temperature,67
beef_burger,67
nothing_fancy,67
terrible_service,67
weekday_lunch,67
nt_busy,66
wonderful_meal,66
tacos,66
favorite_spot,66
another_dish,66
hidden_gem,66
amish_blue,66
morton_grove,66
really_big,66
chicken_liver,66
try_another,66
story_short,66
drunk_food,66
only_time,66
nice_kick,66
wrong_thing,66
salad,66
favorite_food,66
any_sort,66
arrived_early,66
another_visit,66
sounds_weird,66
good_conversation,66
ranch_dressing,66
donald_link,66
shared_NUM,66
very_juicy,66
love_going,66
coffee_bar,66
pay_attention,66
month_ago,66
food_made,66
pretty_average,66
bar_seating,66
bit_bland,66
nt_hesitate,66
mexican,66
wonderful_food,66
quite_small,66
especially_considering,66
nt_ready,66
quite_large,66
mouth_water,66
specialty_drinks,66
chicken_gravy,66
arrive_early,66
added_bonus,66
once_inside,66
little_early,66
extremely_nice,66
everyone_loved,66
meals,66
waitress_told,66
super_tender,66
hostess_stand,66
another_drink,65
ahi_tuna,65
fried_zucchini,65
meh,65
worst_service,65
NUM_extra,65
fresh_baked,65
bulls_eye,65
de_huesos,65
regular,65
chicagostyle_hot,65
star_reviews,65
downtown_la,65
several_dishes,65
vanilla_gelato,65
chocolate_peanut,65
left_overs,65
entire_restaurant,65
plates,65
meat_eaters,65
nt_charge,65
music_videos,65
shell_crab,65
walk,65
salty_side,64
its_always,64
cheap_wine,64
find_anything,64
order_drinks,64
everyone_knows,64
ritz_crackers,64
cooked_medium,64
woodfired_oysters,64
favorite_sauce,64
definitely_something,64
food_because,64
fresh_tasting,64
find_any,64
john,64
breakfast_places,64
every_meal,64
bar_scene,64
sister,64
waiting_time,64
pretty_easy,64
ve_definitely,64
very_rude,64
nt_break,64
people_working,64
food_before,64
its_definitely,64
NUM_ppl,64
romantic_dinner,64
con_membrillo,64
gotta_try,64
white_sauce,64
real_good,64
nothing_bad,64
perfectly_poached,64
beer_menu,64
different_times,64
another_round,64
attentive_staff,64
definitely_made,64
another_thing,64
really_happy,64
2nd_time,64
another_person,64
really_awesome,64
simply_delicious,64
hour_long,64
menu_looked,64
finally_found,64
extremely_helpful,64
eat_dinner,64
tastes_great,64
very_satisfying,64
really_nothing,64
irving_park,64
good_taste,64
expensive_side,64
bacon_cheeseburger,63
goto,63
great_customer,63
cheese_platter,63
brie_cheese,63
quick_lunch,63
summer,63
barbecue_sauce,63
lunch_hours,63
aged_cheese,63
meat_dishes,63
gourmet_burger,63
jumbo_hot,63
dined,63
chicago_staple,63
lamb_ribs,63
nice_meal,63
pork_tacos,63
wine_bar,63
smoke_flavor,63
downstairs_bar,63
bite,63
sport_peppers,63
super_attentive,63
large_fries,63
skin_salad,63
burnt_crust,63
crispy_chicken,63
chili_dog,63
eye_contact,63
beef_teriyaki,63
rabbit_salad,62
definitely_hit,62
food_does,62
incredibly_delicious,62
black_eyed,62
special_trip,62
love_pizza,62
trendy,62
blue_line,62
great_bar,62
seasoned_perfectly,62
fried_rabbit,62
very_polite,62
heading_back,62
yesterday,62
ricotta_cheese,62
sassy,62
wait_because,62
very_impressive,62
NUM_bottles,62
super_loud,62
interior_design,62
pizza_takes,62
seated_outside,62
waiter_told,62
food_served,62
apple_pie,62
romantic_date,62
parmesan_cheese,62
ink_spaghetti,62
san_diego,62
chicken_wing,62
feed_NUM,62
low_key,62
chopped_onions,62
seeing,62
bar_stools,62
little_cramped,62
before_tip,62
crunchy,62
before_coming,62
lamb_shank,62
NUM_before,62
really_flavorful,62
NUM_beers,62
order_before,62
taste_any,62
crab_stuffed,62
moves_quickly,62
lunch_sashimi,62
long_table,62
immediately_seated,62
nice_wine,62
bourbon_street,62
forest_ham,62
sassy_seoul,62
duck_drumettes,62
any_sauce,61
vegan_options,61
carmelized_cheese,61
sushigen,61
especial_sauce,61
ate_half,61
polish_sausage,61
minute,61
giving_NUM,61
cafe_ba,61
baked_goods,61
butter_sauce,61
bill_rancic,61
nice_people,61
rib_grilled,61
higher_end,61
alla_vodka,61
good_burgers,61
pretty_cheap,61
fried_goodness,61
barely_any,61
ice_cold,61
highest_quality,60
hours_before,60
squash_dumplings,60
rice_bowl,60
fresh_bread,60
sauces_before,60
server_brought,60
yelpers,60
any_questions,60
warehouse_district,60
hand_cut,60
recommend_sitting,60
NUM_appetizers,60
order_ahead,60
de_cerdo,60
food_options,60
dried_tomato,60
since_moving,60
bar_staff,60
nt_handle,60
authentic_chicago,60
creme_fraiche,60
review_because,60
pulled,60
good_overall,60
eat_everything,60
razor_clams,60
white_chocolate,60
something_similar,60
credit_cards,60
long_tables,60
very_slow,60
always_delicious,60
thursday_evening,60
being_NUM,60
finally_arrived,60
nt_add,60
vegan_restaurant,60
experiences,60
favorite_sauces,60
eat_sushi,60
rave,60
little_weird,60
NUM_liter,60
average_food,60
really_quite,60
authentic_italian,60
worth_coming,60
served_cold,60
its_pretty,60
wine_pairings,60
really_high,60
only_regret,60
solid_choice,60
TRUE,60
tokyo,60
make_sense,60
before_dinner,60
sunny_side,60
chocolate_fondue,60
including_tax,60
gotta_love,60
long_ago,60
another_star,60
always_full,60
good_people,60
barely_hear,60
food_tasted,59
signature_dishes,59
york_city,59
add,59
fry,59
peanut_sauce,59
de_buey,59
wild_mushrooms,59
twenty_minutes,59
bar_food,59
tourist,59
seoul_sensation,59
green_salad,59
little_heavy,59
mustard_mayo,59
miss,59
lines,59
NUM_lbs,59
chorizo_dates,59
tonight,59
olive_tapenade,59
freshest_fish,59
corn_tortillas,59
close,59
choice,59
admit,59
someone,59
cell_phone,59
spicy_food,59
egg_yolk,59
half_wait,58
pet_peeve,58
definitely_eat,58
extensive_wine,58
little_spot,58
order_several,58
return_trip,58
service_industry,58
menu_looks,58
chicagostyle_deep,58
good_start,58
wine_glasses,58
very_picky,58
server_told,58
personal_space,58
restaurant_because,58
full_slab,58
southern_breakfast,58
mussels_vindaloo,58
dipping,58
based_sauce,58
serves,58
dish_places,58
bar_seats,58
great_sauce,58
only_downfall,58
pretty_reasonable,58
delicious_sauce,58
sushi_experience,58
casual,58
very_warm,58
little_strange,58
food_menu,58
kick_ass,58
try_every,58
nice_experience,58
suggest_getting,58
fried_potato,58
sloppy_joe,58
taste_great,58
show,58
people_standing,58
wide_selection,58
beaten_path,58
couple_years,58
blah_blah,58
drink,58
hostess_told,58
maz_asado,58
caf_iberico,58
cheesy_garlic,58
trip_back,58
great_places,58
experience_overall,58
fun_time,58
smallest_size,58
friend_told,58
aioli_sauce,58
really_appreciated,58
bit_noisy,58
couple_blocks,58
pretty_disappointed,58
horseradish_mayo,58
free,57
fleur_de,57
little_extra,57
tiny_table,57
birthday_celebration,57
small_amount,57
expecting,57
salumeria_tasting,57
wine_sauce,57
authentic_sushi,57
great_combination,57
life_changing,57
unique_flavor,57
crinkle_cut,57
food_poisoning,57
mayo,57
gift_card,57
cheap,57
tapas_plates,57
chicken_dish,57
portions,57
thick_slices,57
park,57
baked_oysters,57
scallion_fries,57
dietary_restrictions,57
amazing_flavor,57
back_patio,57
cheese_casserole,57
little_things,57
gulf_oysters,57
very_heavy,57
purple_pig,57
wall,57
real_sushi,57
busy_friday,57
fast,57
hot_tapas,57
pig_ears,57
nt_blown,56
snack,56
entire_plate,56
very_difficult,56
nt_blame,56
wait_forever,56
crunch_french,56
big_chunks,56
tastes_good,56
front_desk,56
famous,56
restaurant_experience,56
friday_morning,56
past_sunday,56
creamy_grits,56
reuben_sandwich,56
bit_long,56
iron_skillet,56
italian_beefs,56
absolutely_wonderful,56
roasted_oysters,56
chicago_food,56
since_its,56
moves_pretty,56
group_ordered,56
being_told,56
friend_suggested,56
good_times,56
only_dish,56
saying_something,56
louisiana_shrimp,56
nice_bar,56
sized_portions,56
week_ago,56
extremely_good,56
waited_another,56
charcuterie_plate,56
actually_liked,56
time_deciding,56
part,56
eat_pork,56
small_bar,56
variety,56
ordered_different,56
NUM_guys,56
seared_tuna,56
missing_something,56
golden_brown,56
super_packed,56
super_small,56
bacon_fries,56
pomme,56
absolutely_incredible,56
grant_park,56
order_dessert,56
roast_chicken,56
sat_night,56
cash_register,56
nt_open,56
fantastic_meal,56
steak_sandwich,56
grilled_pork,56
belgian_style,56
east,56
po_boy,56
many_others,56
ll_start,56
pretty_pricey,56
nt_feeling,56
weekday,55
staff_member,55
sliced_beef,55
little_soggy,55
penne_alla,55
basil_sauce,55
entire_night,55
patatas_alioli,55
duck_breast,55
person,55
french_cuisine,55
brought_back,55
en_cocotte,55
white_bread,55
big_party,55
menu_selection,55
anyone,55
nt_deliver,55
green_onions,55
warm_bread,55
ala_carte,55
polish_dog,55
girlfriends,55
apple_cider,55
lovely,55
pizza_before,55
lunch_deal,55
server_recommended,55
chicago_restaurants,55
freshly_squeezed,55
NUM_degree,54
wooden_tables,54
large_selection,54
york,54
kitchen_staff,54
loud_inside,54
definitely_does,54
classic,54
nt_sound,54
dish_because,54
hot_crab,54
steaming_hot,54
ordered_delivery,54
blue_moon,54
mom,54
jazz,54
absolutely_perfect,54
bar_downstairs,54
before_getting,54
fresh_tomato,54
because_people,54
downtown_area,54
homemade_ricotta,54
quite_busy,54
alfredo_sauce,54
olive_garden,54
anything_bad,54
amazing_meal,54
korean_burrito,54
made_great,54
mine,54
mind,54
roasted_fish,54
veggie,54
everywhere_else,54
tender_meat,54
bring_back,54
NUM_eggs,54
tater_tots,54
nt_pay,54
roasted_eggplant,54
really_helpful,54
beef_hot,54
line_moved,54
NUM_fried,54
little_longer,54
delicious_french,54
plate,54
korean_burger,54
perfect_compliment,54
nothing_wrong,54
every_minute,54
decent_price,54
half_stars,54
very_lively,54
star_experience,54
spanish,54
needs,54
perfect_mix,54
buena_park,54
decent_beer,54
mixed_reviews,54
worth_getting,54
mango_guacamole,54
cherry_tomatoes,54
pricey,54
bit_spicy,54
japanese_restaurants,54
really_unique,54
make_any,54
unique_flavors,54
waitress_brought,54
good_restaurants,54
large_variety,54
gift_certificate,54
smoke_ring,54
little_crowded,54
veggie_options,54
dinner_hours,54
taste_fresh,54
extremely_tasty,54
band_playing,54
love_quartino,54
ll_stick,54
costilla_de,53
food_service,53
yellowtail_collar,53
bad_idea,53
salmon_sashimi,53
dark_meat,53
upstairs_bar,53
seating_arrangements,53
memorial_day,53
hatch_green,53
because_NUM,53
good_coffee,53
dried_tomatoes,53
chi_town,53
celebrate,53
hardly_any,53
truffle_sauce,53
chicken_bowl,53
cab_ride,53
NUM_order,53
eat_outside,53
korean_chicken,53
generous_amount,53
good_places,53
average,53
mouth,53
tuna_belly,53
dinner_experience,53
NUM_sandwich,53
pastor_tacos,53
cream_fries,53
beer,53
wine_glass,53
bit_heavy,53
crispy,53
goat_milk,53
during_prime,53
try_anything,53
people_coming,52
dinner_reservation,52
short_walk,52
sonoma_jack,52
pj_oysters,52
waiter_recommended,52
nt_skip,52
wide_range,52
NUM_desserts,52
green_onion,52
great_flavors,52
hole,52
NUM_total,52
entire_experience,52
find_street,52
looked_very,52
mushroom_pizza,52
freshest_sushi,52
nice_staff,52
green_eggs,52
good_news,52
good_sauce,52
amazing_experience,52
pequods,52
complimentary_bread,52
extremely_busy,52
thin_slices,52
every_weekend,52
tasting,52
literally_NUM,52
quarter,52
brunch_spots,52
great_concept,52
fat_willy,52
started_eating,52
minutes_early,52
holy_shit,52
live_band,52
super_flavorful,52
delicious_pizza,52
ve_actually,52
literally_melts,52
very_cozy,52
approximately_NUM,52
goat_diner,52
standing_outside,52
popular_restaurant,52
bit_soggy,52
big_beef,52
salad_dressing,52
half_empty,52
always_leave,52
always_worth,52
menu_online,52
amazingly_good,52
NUM_burgers,52
local_beers,52
decent_prices,52
con_jamon,52
nt_figure,52
red_peppers,52
perfectly_prepared,52
being_made,52
always_fun,52
extremely_small,52
excellent_meal,52
NUM_kinds,52
very_laid,52
another_day,52
bad_food,52
super_duper,52
dill_lemon,52
cold_beer,52
nt_notice,52
definitely_plan,52
chicken_salad,52
expected,52
only_served,52
once_before,52
bit_odd,52
de_lis,51
huge_disappointment,51
truly,51
sausage_patty,51
au_cheval,51
fried_gator,51
roasted_mushrooms,51
truly_amazing,51
fresh_strawberries,51
slightly_disappointed,51
blood_sausage,51
chicken_thigh,51
asado_de,51
staff_seemed,51
eggs_scrambled,51
every_sauce,51
smoke_daddy,51
started,51
expensive,51
rabbit_dumplings,51
shrimp,51
local_beer,51
great_dish,51
big_bowl,51
establishment,51
food_joint,51
smoque_does,51
blackberry_jam,51
thin,51
pie_crust,51
cream_sandwich,51
wedding,51
yellowfin_tuna,51
stuffed,51
st,50
drowned_sandwich,50
whipped_brandade,50
southern_cooking,50
parking,50
mexican_restaurant,50
spanish_cuisine,50
food_tastes,50
holy_moly,50
bbq_maple,50
different_options,50
please,50
fried_foods,50
bad_taste,50
only_able,50
roasted_hatch,50
idea,50
outstanding_food,50
ordered_food,50
NUM_meals,50
NUM_others,50
stuffed_medjool,50
gooey_cheese,50
fairly_priced,50
make_room,50
horrible_service,50
good_especially,50
simply_put,50
fun_experience,50
nt_fall,50
corn_flake,50
buffalo_sauce,50
crispy_outside,50
crunchy_corn,50
feel_comfortable,50
jack_cheese,50
mango_guac,50
tapas_bars,50
whenever,50
breakfast_foods,50
only_available,50
nt_hate,50
oyster_salad,50
counter_service,50
barbecue,50
tasted_amazing,50
thoroughly_impressed,50
crispy_bacon,50
personal_size,50
list_goes,50
shrimp_ceviche,50
every_piece,50
excellent_wine,50
tuna_melt,50
soul_bowl,50
great_coffee,50
left_hungry,50
years_since,50
especially_during,50
avocado_salad,50
street_food,50
mushroom_sandwich,50
california_roll,50
white_beans,50
good_brunch,50
hot_wings,50
larger_groups,50
nice_crunch,50
raw_bar,50
quite_loud,50
weekday_night,50
metered_parking,50
try_many,50
comes_back,50
bucket_list,50
despite_having,50
little_overwhelming,50
seating_arrangement,50
dine,50
jumbo_wings,50
small_pizza,50
everyone_loves,50
thing_going,50
wait_during,50
egg_benedict,50
beautifully_presented,50
especially_good,50
dough_shake,50
something_sweet,50
only_giving,50
fine,50
roasted_red,50
style_dog,50
guy_fieri,50
